pricing_id,route_id,base_freight_usd,fuel_surcharge_usd,port_charge_usd,demand_factor,risk_surcharge_usd,target_margin_percent
P001,R001,1860,87,66,0.90,40,15
P002,R002,1785,94,77,0.95,45,13
P003,R003,1897,101,88,1.00,50,12
P004,R004,1771,108,58,1.05,55,10
P005,R005,1842,115,69,1.10,60,8
P006,R006,2140,122,80,0.90,65,0
P007,R007,2075,129,91,0.95,70,14
P008,R008,2197,85,61,1.00,39,16
P009,R009,2058,92,72,1.05,44,11
P010,R010,2119,99,83,1.10,49,18
P011,R011,2360,106,94,0.90,54,9
P012,R012,2295,113,64,0.95,59,20
P013,R013,2417,120,75,1.00,64,7
P014,R014,2278,127,86,1.05,69,15
P015,R015,2339,83,56,1.10,38,5
P016,R016,1560,90,67,0.90,43,17
P017,R017,1495,97,78,0.95,48,6
P018,R018,1607,104,89,1.00,53,13
P019,R019,1478,111,59,1.05,58,19
P020,R020,1539,118,70,1.10,63,10
P021,R021,720,125,81,0.90,68,12
P022,R022,695,81,92,0.95,37,8
P023,R023,748,88,62,1.00,42,14
P024,R024,682,95,73,1.05,47,16
P025,R025,731,102,84,1.10,52,11
P026,R026,910,109,95,0.90,57,20
P027,R027,875,116,65,0.95,62,7
P028,R028,938,123,76,1.00,67,15
P029,R029,862,130,87,1.05,36,9
P030,R030,901,86,57,1.10,41,18
P031,R031,1045,93,68,0.90,46,5
P032,R032,1010,100,79,0.95,17,13
P033,R033,1078,107,90,1.00,56,12
P034,R034,998,114,60,1.05,61,10
P035,R035,1032,121,71,1.10,66,8
P036,R036,585,128,82,0.90,35,0
P037,R037,558,84,93,0.95,40,14
P038,R038,612,91,63,1.00,45,16
P039,R039,545,98,74,1.05,50,11
P040,R040,598,105,85,1.10,55,18
P041,R041,1845,112,55,0.90,60,9
P042,R042,1778,119,66,0.95,65,20
P043,R043,1888,126,77,1.00,70,7
P044,R044,1762,82,88,1.05,39,15
P045,R045,1829,89,58,1.10,44,5
P046,R046,2125,96,69,0.90,49,17
P047,R047,2068,103,80,0.95,54,6
P048,R048,2182,110,91,1.00,59,13
P049,R049,2049,117,61,1.05,64,19
P050,R050,2107,124,72,1.10,69,10
P051,R051,2345,80,83,0.90,38,12
P052,R052,2288,87,94,0.95,43,8
P053,R053,2402,94,64,1.00,48,14
P054,R054,2265,101,75,1.05,53,16
P055,R055,2324,108,86,1.10,58,11
P056,R056,1548,115,56,0.90,63,20
P057,R057,1482,122,67,0.95,68,7
P058,R058,1595,129,78,1.00,37,15
P059,R059,1468,85,89,1.05,42,9
P060,R060,1526,92,59,1.10,47,18
P061,R061,680,99,70,0.90,52,5
P062,R062,652,106,81,0.95,57,13
P063,R063,711,113,92,1.00,62,12
P064,R064,638,120,62,1.05,67,10
P065,R065,695,127,73,1.10,36,8
P066,R066,865,83,84,0.90,41,0
P067,R067,832,90,95,0.95,46,14
P068,R068,894,97,65,1.00,51,16
P069,R069,818,104,76,1.05,56,11
P070,R070,852,111,87,1.10,61,18
P071,R071,985,118,57,0.90,66,9
P072,R072,952,125,68,0.95,35,20
P073,R073,1018,81,79,1.00,40,7
P074,R074,936,88,90,1.05,45,15
P075,R075,972,95,60,1.10,50,5
P076,R076,548,102,71,0.90,55,17
P077,R077,522,109,82,0.95,60,6
P078,R078,575,116,93,1.00,65,13
P079,R079,508,123,63,1.05,70,19
P080,R080,559,130,74,1.10,39,10
P081,R081,925,86,85,0.90,44,12
P082,R082,892,93,55,0.95,49,8
P083,R083,958,100,66,1.00,54,14
P084,R084,875,107,77,1.05,59,16
P085,R085,941,114,88,1.10,64,11
P086,R086,1145,121,58,0.90,69,20
P087,R087,1108,128,69,0.95,38,7
P088,R088,1182,84,80,1.00,43,15
P089,R089,1092,91,91,1.05,48,9
P090,R090,1131,98,61,1.10,53,18
P091,R091,1325,105,72,0.90,58,5
P092,R092,1288,112,83,0.95,63,13
P093,R093,1362,119,94,1.00,68,12
P094,R094,1269,126,64,1.05,37,10
P095,R095,1314,82,75,1.10,42,8
P096,R096,745,89,86,0.90,47,0
P097,R097,712,96,56,0.95,52,14
P098,R098,778,103,67,1.00,57,16
P099,R099,695,110,78,1.05,62,11
P100,R100,759,117,89,1.10,67,18
P101,R101,625,124,63,0.90,36,12
P102,R102,598,130,74,0.95,41,15
P103,R103,652,85,85,1.00,46,8
P104,R104,584,92,95,1.05,51,18
P105,R105,638,99,65,1.10,56,10
P106,R106,805,106,76,0.90,61,14
P107,R107,772,113,87,0.95,66,6
P108,R108,835,120,63,1.00,71,16
P109,R109,758,127,74,1.05,40,11
P110,R110,798,83,85,1.10,45,20
P111,R111,925,90,95,0.90,50,7
P112,R112,892,97,65,0.95,55,13
P113,R113,958,104,76,1.00,60,9
P114,R114,878,111,87,1.05,65,17
P115,R115,915,118,63,1.10,70,5
P116,R116,512,125,74,0.90,39,15
P117,R117,486,81,85,0.95,44,12
P118,R118,538,88,95,1.00,49,19
P119,R119,475,95,65,1.05,54,8
P120,R120,525,102,76,1.10,59,14
P121,R121,1785,109,87,0.90,64,10
P122,R122,1722,116,63,0.95,69,16
P123,R123,1838,123,74,1.00,38,11
P124,R124,1705,130,85,1.05,43,20
P125,R125,1768,86,95,1.10,48,6
P126,R126,2055,93,65,0.90,53,13
P127,R127,1998,100,76,0.95,58,9
P128,R128,2112,107,87,1.00,63,18
P129,R129,1982,114,63,1.05,68,7
P130,R130,2037,121,74,1.10,37,15
P131,R131,2278,128,85,0.90,42,12
P132,R132,2225,84,95,0.95,47,17
P133,R133,2342,91,65,1.00,52,10
P134,R134,2198,98,76,1.05,57,14
P135,R135,2291,105,87,1.10,62,8
P136,R136,1492,112,63,0.90,67,19
P137,R137,1438,119,74,0.95,36,11
P138,R138,1518,126,85,1.00,41,16
P139,R139,1415,82,95,1.05,46,5
P140,R140,1476,89,65,1.10,51,13
P141,R141,1815,96,76,0.90,56,12
P142,R142,1752,103,87,0.95,61,20
P143,R143,1862,110,63,1.00,66,6
P144,R144,1738,117,74,1.05,71,15
P145,R145,1799,124,85,1.10,40,9
P146,R146,2098,130,95,0.90,45,18
P147,R147,2042,85,65,0.95,50,7
P148,R148,2155,92,76,1.00,55,14
P149,R149,2022,99,87,1.05,60,10
P150,R150,2075,106,63,1.10,65,17
P151,R151,2325,113,74,0.90,70,8
P152,R152,2268,120,85,0.95,39,13
P153,R153,2385,127,95,1.00,44,19
P154,R154,2248,83,65,1.05,49,11
P155,R155,2302,90,76,1.10,54,16
P156,R156,1525,97,87,0.90,59,5
P157,R157,1472,104,63,0.95,64,14
P158,R158,1558,111,74,1.00,69,9
P159,R159,1455,118,85,1.05,38,18
P160,R160,1509,125,95,1.10,43,7
P161,R161,825,81,65,0.90,48,12
P162,R162,792,88,76,0.95,53,20
P163,R163,852,95,87,1.00,58,6
P164,R164,775,102,63,1.05,63,15
P165,R165,838,109,74,1.10,68,10
P166,R166,1015,116,85,0.90,37,17
P167,R167,978,123,95,0.95,42,8
P168,R168,1048,130,65,1.00,47,13
P169,R169,958,86,76,1.05,52,19
P170,R170,1002,93,87,1.10,57,11
P171,R171,1165,100,63,0.90,62,16
P172,R172,1128,107,74,0.95,67,5
P173,R173,1198,114,85,1.00,36,14
P174,R174,1105,121,95,1.05,41,9
P175,R175,1152,128,65,1.10,46,18
P176,R176,635,84,76,0.90,51,7
P177,R177,602,91,87,0.95,56,12
P178,R178,668,98,63,1.00,61,20
P179,R179,585,105,74,1.05,66,6
P180,R180,648,112,85,1.10,71,15
P181,R181,1695,119,95,0.90,40,10
P182,R182,1638,126,65,0.95,45,17
P183,R183,1752,82,76,1.00,50,8
P184,R184,1622,89,87,1.05,55,13
P185,R185,1681,96,63,1.10,60,19
P186,R186,1945,103,74,0.90,65,11
P187,R187,1898,110,85,0.95,70,16
P188,R188,2012,117,95,1.00,39,5
P189,R189,1875,124,65,1.05,44,14
P190,R190,1928,130,76,1.10,49,9
P191,R191,2185,85,87,0.90,54,18
P192,R192,2132,92,63,0.95,59,7
P193,R193,2248,99,74,1.00,64,12
P194,R194,2105,106,85,1.05,69,20
P195,R195,2162,113,95,1.10,38,6
P196,R196,1425,120,65,0.90,43,15
P197,R197,1378,127,76,0.95,48,10
P198,R198,1452,83,87,1.00,53,17
P199,R199,1362,90,63,1.05,58,8
P200,R200,1408,97,74,1.10,63,13
P201,R201,985,96,68,0.90,42,12
P202,R202,948,103,79,0.95,47,15
P203,R203,1018,110,90,1.00,52,8
P204,R204,932,117,60,1.05,57,18
P205,R205,998,124,71,1.10,62,10
P206,R206,1215,131,82,0.90,67,14
P207,R207,1178,87,93,0.95,39,6
P208,R208,1252,94,63,1.00,44,16
P209,R209,1158,101,74,1.05,49,11
P210,R210,1201,108,85,1.10,54,20
P211,R211,1395,115,95,0.90,59,7
P212,R212,1358,122,65,0.95,64,13
P213,R213,1432,129,76,1.00,69,9
P214,R214,1338,85,87,1.05,41,17
P215,R215,1402,92,63,1.10,46,5
P216,R216,748,99,74,0.90,51,15
P217,R217,712,106,85,0.95,56,12
P218,R218,782,113,95,1.00,61,19
P219,R219,695,120,65,1.05,66,8
P220,R220,759,127,76,1.10,71,14
P221,R221,1085,83,87,0.90,40,10
P222,R222,1048,90,63,0.95,45,16
P223,R223,1122,97,74,1.00,50,11
P224,R224,1035,104,85,1.05,55,20
P225,R225,1098,111,95,1.10,60,6
P226,R226,1325,118,65,0.90,65,13
P227,R227,1288,125,76,0.95,70,9
P228,R228,1362,81,87,1.00,38,18
P229,R229,1268,88,63,1.05,43,7
P230,R230,1311,95,74,1.10,48,15
P231,R231,1515,102,85,0.90,53,12
P232,R232,1478,109,95,0.95,58,17
P233,R233,1552,116,65,1.00,63,10
P234,R234,1458,123,76,1.05,68,14
P235,R235,1522,130,87,1.10,37,8
P236,R236,825,86,63,0.90,42,19
P237,R237,788,93,74,0.95,47,11
P238,R238,858,100,85,1.00,52,16
P239,R239,772,107,95,1.05,57,5
P240,R240,838,114,65,1.10,62,13
P241,R241,735,121,76,0.90,67,9
P242,R242,702,128,87,0.95,39,18
P243,R243,768,84,63,1.00,44,7
P244,R244,688,91,74,1.05,49,15
P245,R245,749,98,85,1.10,54,12
P246,R246,925,105,95,0.90,59,20
P247,R247,888,112,65,0.95,64,6
P248,R248,958,119,76,1.00,69,14
P249,R249,872,126,87,1.05,41,10
P250,R250,912,82,63,1.10,46,17
P251,R251,1065,89,74,0.90,51,8
P252,R252,1028,96,85,0.95,56,13
P253,R253,1098,103,95,1.00,61,19
P254,R254,1008,110,65,1.05,66,11
P255,R255,1072,117,76,1.10,71,16
P256,R256,565,124,87,0.90,40,5
P257,R257,532,131,63,0.95,45,14
P258,R258,598,87,74,1.00,50,9
P259,R259,518,94,85,1.05,55,18
P260,R260,579,101,95,1.10,60,7
P261,R261,1585,108,65,0.90,65,12
P262,R262,1528,115,76,0.95,70,20
P263,R263,1642,122,87,1.00,38,6
P264,R264,1508,129,63,1.05,43,15
P265,R265,1569,85,74,1.10,48,10
P266,R266,1885,92,85,0.90,53,17
P267,R267,1828,99,95,0.95,58,8
P268,R268,1942,106,65,1.00,63,13
P269,R269,1808,113,76,1.05,68,19
P270,R270,1867,120,87,1.10,37,11
P271,R271,2115,127,63,0.90,42,16
P272,R272,2068,83,74,0.95,47,5
P273,R273,2182,90,85,1.00,52,14
P274,R274,2048,97,95,1.05,57,9
P275,R275,2142,104,65,1.10,62,18
P276,R276,1325,111,76,0.90,67,7
P277,R277,1278,118,87,0.95,69,12
P278,R278,1352,125,63,1.00,39,20
P279,R279,1262,81,74,1.05,44,6
P280,R280,1318,88,85,1.10,49,15
P281,R281,1665,95,95,0.90,54,10
P282,R282,1608,102,65,0.95,59,17
P283,R283,1722,109,76,1.00,64,8
P284,R284,1588,116,87,1.05,69,13
P285,R285,1649,123,63,1.10,41,19
P286,R286,1975,130,74,0.90,46,11
P287,R287,1918,86,85,0.95,51,16
P288,R288,2032,93,95,1.00,56,5
P289,R289,1898,100,65,1.05,61,14
P290,R290,1957,107,76,1.10,66,9
P291,R291,2215,114,87,0.90,71,18
P292,R292,2168,121,63,0.95,40,7
P293,R293,2282,128,74,1.00,45,12
P294,R294,2148,84,85,1.05,50,20
P295,R295,2242,91,95,1.10,55,6
P296,R296,1395,98,65,0.90,60,15
P297,R297,1348,105,76,0.95,65,10
P298,R298,1422,112,87,1.00,70,17
P299,R299,1332,119,63,1.05,38,8
P300,R300,1388,126,74,1.10,43,13
P301,R301,1325,96,68,0.90,42,12
P302,R302,1278,103,79,0.95,47,15
P303,R303,1388,110,90,1.00,52,8
P304,R304,1262,117,60,1.05,57,18
P305,R305,1312,124,71,1.10,62,10
P306,R306,1585,131,82,0.90,67,14
P307,R307,1538,87,93,0.95,39,6
P308,R308,1642,94,63,1.00,44,16
P309,R309,1518,101,74,1.05,49,11
P310,R310,1572,108,85,1.10,54,20
P311,R311,1815,115,95,0.90,59,7
P312,R312,1768,122,65,0.95,64,13
P313,R313,1882,129,76,1.00,69,9
P314,R314,1748,85,87,1.05,41,17
P315,R315,1842,92,63,1.10,46,5
P316,R316,1125,99,74,0.90,51,15
P317,R317,1078,106,85,0.95,56,12
P318,R318,1152,113,95,1.00,61,19
P319,R319,1062,120,65,1.05,66,8
P320,R320,1118,127,76,1.10,71,14
P321,R321,1455,83,87,0.90,40,10
P322,R322,1408,90,63,0.95,45,16
P323,R323,1518,97,74,1.00,50,11
P324,R324,1392,104,85,1.05,55,20
P325,R325,1442,111,95,1.10,60,6
P326,R326,1745,118,65,0.90,65,13
P327,R327,1698,125,76,0.95,70,9
P328,R328,1802,81,87,1.00,38,18
P329,R329,1678,88,63,1.05,43,7
P330,R330,1728,95,74,1.10,48,15
P331,R331,1985,102,85,0.90,53,12
P332,R332,1938,109,95,0.95,58,17
P333,R333,2052,116,65,1.00,63,10
P334,R334,1918,123,76,1.05,68,14
P335,R335,2012,130,87,1.10,37,8
P336,R336,1265,86,63,0.90,42,19
P337,R337,1218,93,74,0.95,47,11
P338,R338,1292,100,85,1.00,52,16
P339,R339,1202,107,95,1.05,57,5
P340,R340,1258,114,65,1.10,62,13
P341,R341,485,121,76,0.90,67,9
P342,R342,462,128,87,0.95,39,18
P343,R343,512,84,63,1.00,44,7
P344,R344,448,91,74,1.05,49,15
P345,R345,498,98,85,1.10,54,12
P346,R346,625,105,95,0.90,59,20
P347,R347,598,112,65,0.95,64,6
P348,R348,652,119,76,1.00,69,14
P349,R349,578,126,87,1.05,41,10
P350,R350,618,82,63,1.10,46,17
P351,R351,745,89,74,0.90,51,8
P352,R352,718,96,85,0.95,56,13
P353,R353,772,103,95,1.00,61,19
P354,R354,698,110,65,1.05,66,11
P355,R355,752,117,76,1.10,71,16
P356,R356,365,124,87,0.90,40,5
P357,R357,342,131,63,0.95,45,14
P358,R358,392,87,74,1.00,50,9
P359,R359,328,94,85,1.05,55,18
P360,R360,378,101,95,1.10,60,7
P361,R361,1515,108,65,0.90,65,12
P362,R362,1462,115,76,0.95,70,20
P363,R363,1578,122,87,1.00,38,6
P364,R364,1448,129,63,1.05,43,15
P365,R365,1502,85,74,1.10,48,10
P366,R366,1815,92,85,0.90,53,17
P367,R367,1762,99,95,0.95,58,8
P368,R368,1878,106,65,1.00,63,13
P369,R369,1738,113,76,1.05,68,19
P370,R370,1792,120,87,1.10,37,11
P371,R371,2055,127,63,0.90,42,16
P372,R372,2002,83,74,0.95,47,5
P373,R373,2122,90,85,1.00,52,14
P374,R374,1982,97,95,1.05,57,9
P375,R375,2085,104,65,1.10,62,18
P376,R376,1285,111,76,0.90,67,7
P377,R377,1232,118,87,0.95,69,12
P378,R378,1318,125,63,1.00,39,20
P379,R379,1218,81,74,1.05,44,6
P380,R380,1272,88,85,1.10,49,15
P381,R381,865,95,95,0.90,54,10
P382,R382,832,102,65,0.95,59,17
P383,R383,898,109,76,1.00,64,8
P384,R384,818,116,87,1.05,69,13
P385,R385,878,123,63,1.10,41,19
P386,R386,1065,130,74,0.90,46,11
P387,R387,1028,86,85,0.95,51,16
P388,R388,1098,93,95,1.00,56,5
P389,R389,1008,100,65,1.05,61,14
P390,R390,1052,107,76,1.10,66,9
P391,R391,1235,114,87,0.90,71,18
P392,R392,1198,121,63,0.95,40,7
P393,R393,1268,128,74,1.00,45,12
P394,R394,1178,84,85,1.05,50,20
P395,R395,1222,91,95,1.10,55,6
P396,R396,675,98,65,0.90,60,15
P397,R397,642,105,76,0.95,65,10
P398,R398,708,112,87,1.00,70,17
P399,R399,628,119,63,1.05,38,8
P400,R400,688,126,74,1.10,43,13
P401,R401,1385,96,68,0.90,42,12
P402,R402,1338,103,79,0.95,47,15
P403,R403,1448,110,90,1.00,52,8
P404,R404,1322,117,60,1.05,57,18
P405,R405,1372,124,71,1.10,62,10
P406,R406,1655,131,82,0.90,67,14
P407,R407,1608,87,93,0.95,39,6
P408,R408,1712,94,63,1.00,44,16
P409,R409,1588,101,74,1.05,49,11
P410,R410,1642,108,85,1.10,54,20
P411,R411,1895,115,95,0.90,59,7
P412,R412,1848,122,65,0.95,64,13
P413,R413,1962,129,76,1.00,69,9
P414,R414,1828,85,87,1.05,41,17
P415,R415,1922,92,63,1.10,46,5
P416,R416,1165,99,74,0.90,51,15
P417,R417,1118,106,85,0.95,56,12
P418,R418,1192,113,95,1.00,61,19
P419,R419,1102,120,65,1.05,66,8
P420,R420,1158,127,76,1.10,71,14
P421,R421,1615,83,87,0.90,40,10
P422,R422,1562,90,63,0.95,45,16
P423,R423,1678,97,74,1.00,50,11
P424,R424,1548,104,85,1.05,55,20
P425,R425,1602,111,95,1.10,60,6
P426,R426,1915,118,65,0.90,65,13
P427,R427,1862,125,76,0.95,70,9
P428,R428,1978,81,87,1.00,38,18
P429,R429,1838,88,63,1.05,43,7
P430,R430,1892,95,74,1.10,48,15
P431,R431,2185,102,85,0.90,53,12
P432,R432,2132,109,95,0.95,58,17
P433,R433,2248,116,65,1.00,63,10
P434,R434,2108,123,76,1.05,68,14
P435,R435,2212,130,87,1.10,37,8
P436,R436,1345,86,63,0.90,42,19
P437,R437,1292,93,74,0.95,47,11
P438,R438,1378,100,85,1.00,52,16
P439,R439,1282,107,95,1.05,57,5
P440,R440,1332,114,65,1.10,62,13
P441,R441,1125,121,76,0.90,67,9
P442,R442,1082,128,87,0.95,39,18
P443,R443,1172,84,63,1.00,44,7
P444,R444,1068,91,74,1.05,49,15
P445,R445,1142,98,85,1.10,54,12
P446,R446,1385,105,95,0.90,59,20
P447,R447,1342,112,65,0.95,64,6
P448,R448,1428,119,76,1.00,69,14
P449,R449,1322,126,87,1.05,41,10
P450,R450,1372,82,63,1.10,46,17
P451,R451,1585,89,74,0.90,51,8
P452,R452,1542,96,85,0.95,56,13
P453,R453,1632,103,95,1.00,61,19
P454,R454,1522,110,65,1.05,66,11
P455,R455,1602,117,76,1.10,71,16
P456,R456,895,124,87,0.90,40,5
P457,R457,852,131,63,0.95,45,14
P458,R458,918,87,74,1.00,50,9
P459,R459,838,94,85,1.05,55,18
P460,R460,902,101,95,1.10,60,7
P461,R461,1575,108,65,0.90,65,12
P462,R462,1522,115,76,0.95,70,20
P463,R463,1638,122,87,1.00,38,6
P464,R464,1508,129,63,1.05,43,15
P465,R465,1562,85,74,1.10,48,10
P466,R466,1875,92,85,0.90,53,17
P467,R467,1822,99,95,0.95,58,8
P468,R468,1938,106,65,1.00,63,13
P469,R469,1798,113,76,1.05,68,19
P470,R470,1852,120,87,1.10,37,11
P471,R471,2145,127,63,0.90,42,16
P472,R472,2092,83,74,0.95,47,5
P473,R473,2208,90,85,1.00,52,14
P474,R474,2068,97,95,1.05,57,9
P475,R475,2172,104,65,1.10,62,18
P476,R476,1315,111,76,0.90,67,7
P477,R477,1262,118,87,0.95,69,12
P478,R478,1348,125,63,1.00,39,20
P479,R479,1258,81,74,1.05,44,6
P480,R480,1302,88,85,1.10,49,15
P481,R481,785,95,95,0.90,54,10
P482,R482,752,102,65,0.95,59,17
P483,R483,818,109,76,1.00,64,8
P484,R484,738,116,87,1.05,69,13
P485,R485,798,123,63,1.10,41,19
P486,R486,975,130,74,0.90,46,11
P487,R487,938,86,85,0.95,51,16
P488,R488,1008,93,95,1.00,56,5
P489,R489,918,100,65,1.05,61,14
P490,R490,962,107,76,1.10,66,9
P491,R491,1125,114,87,0.90,71,18
P492,R492,1088,121,63,0.95,40,7
P493,R493,1158,128,74,1.00,45,12
P494,R494,1068,84,85,1.05,50,20
P495,R495,1112,91,95,1.10,55,6
P496,R496,595,98,65,0.90,60,15
P497,R497,562,105,76,0.95,65,10
P498,R498,628,112,87,1.00,70,17
P499,R499,548,119,63,1.05,38,8
P500,R500,608,126,74,1.10,43,13